model,AUC,AUPRC
LGB-A (app only),0.7605346128549141,0.2520226551807727
LGB-B (+bureau),0.7662540539444868,0.26283470363880634
XGB-B (+bureau),0.7667289139224491,0.26424701635276066
